RefDes,Name,Pattern,X (mm),Y (mm),Side,Rotate,Value
C2,GRM155R71C103KA01D,CAP_0402,23.163,2.54,Bottom,0,10nF
C8,CL05B104KO5NNNC,CAP_0402,52.531,1.746,Bottom,90,0.1uF
C9,CL05B104KO5NNNC,CAP_0402,30.813,16.669,Bottom,180,0.1uF
C10,GRM155R71C102KA01D,CAP_0402,2.079,18.891,Bottom,180,1nF
C11,CL05B104KO5NNNC,CAP_0402,9.064,17.78,Bottom,180,0.1uF
C12,GRM155R61C333KA01D,CAP_0402,9.064,18.891,Bottom,180,33nF
C15,CC0402JRNPO7BN471,CAP_0402,9.064,16.669,Bottom,180,470pF
C18,GRM155R71C103KA01D,CAP_0402,19.383,13.018,Bottom,180,10nF
C19,CC0402KRX5R7BB225,CAP_0402,18.747,9.366,Bottom,180,2.2uF
C20,GRM155R71C102KA01D,CAP_0402,13.811,16.207,Bottom,270,1nF
C21,GRM155R61C333KA01D,CAP_0402,19.383,14.923,Bottom,180,33nF
C22,CL05B104KO5NNNC,CAP_0402,19.383,13.97,Bottom,180,0.1uF
C23,CC0402JRNPO7BN471,CAP_0402,12.224,13.479,Bottom,90,470pF
C24,CL05A475MP5NRNC,CAP_0402,1.111,5.065,Bottom,90,4.7uF 10V
C25,CL05A475MP5NRNC,CAP_0402,1.126,2.222,Bottom,270,4.7uF 10V
C26,CL05B224KO5NNNC,CAP_0402,9.222,13.176,Bottom,180,.22uF
C27,CL05B104KO5NNNC,CAP_0402,30.321,8.905,Bottom,270,0.1uF
C28,GMC21X5R336M6R3NT,CAP_0805,12.544,2.857,Bottom,0,33uF 6.3V
C29,CL05A105KO5NNNC,RES_0402,12.526,4.604,Bottom,0,1uF 16V
C30,CL05B104KO5NNNC,RES_0402,12.526,5.715,Bottom,0,0.1uF
C31,C0402C101K4RACAUTO,RES_0402,12.526,6.668,Bottom,0,100pF 16V
D4,BAT54SWT1G_SOT323,SOT323,8.557,9.781,Bottom,270,BAT54SWT1G
D5,BZT52C4V3LP-7,DIO_0402,34.131,17.765,Bottom,90,4.3V Zener
L6,BLM18AG221SN1D,IND_0603,14.923,4.61,Bottom,270,BLM18AG221SN1D
P3,IDC1X4_05,IDC1X4_Socket,20.796,18.256,Bottom,0,IDC1X4
R4,0,RES_0402,23.192,1.429,Bottom,180,0
R12,2.2K,RES_0402,18.717,8.255,Bottom,0,2.2K
R13,30K,RES_0402,2.079,16.669,Bottom,180,30K
R14,16K,RES_0402,2.079,17.78,Bottom,180,16K
R15,220,RES_0402,24.939,14.129,Bottom,180,220
R16,100K,RES_0402,24.939,15.24,Bottom,180,100K
R17,220,RES_0402,25.415,10.319,Bottom,180,220
R18,510,RES_0402,6.048,18.891,Bottom,180,510
R19,100K,RES_0402,25.415,11.43,Bottom,180,100K
R21,470,RES_0402,18.717,11.747,Bottom,0,470
R22,470,RES_0402,18.747,10.477,Bottom,180,470
R23,510,RES_0402,14.923,16.178,Bottom,90,510
R25,100K,RES_0402,16.842,15.875,Bottom,180,100K
R26,16K,RES_0402,11.906,16.178,Bottom,90,16K
R27,6.8K,RES_0402,19.383,15.875,Bottom,180,6.8K
R28,30K,RES_0402,12.859,16.207,Bottom,270,30K
R30,2.2K,RES_0402,29.513,10.795,Bottom,0,2.2K
R31,2.2K,RES_0402,29.513,12.065,Bottom,0,2.2K
R32,10K,RES_0402,9.222,12.065,Bottom,180,10K
R33,RC0603JR-070RL,RES_0603,13.232,7.938,Bottom,180,0
U2,BM78SPPS5NC2-000,MOD33_BM78SPPS5M,50.759,10,Bottom,270,BM78SPPS5NC2-000
U3,SIA918EDJ-T1-GE3,SON_SIA921EDJ_VI,22.399,11.976,Bottom,90,DUAL_N_N
U6,MCP6002T-IMS,MSOP8_MC_MCH,5.534,15.061,Bottom,270,MCP6002T-IMS-8MSOP
U8,MCP6002T-IMS,MSOP8_MC_MCH,15.059,11.727,Bottom,270,MCP6002T-IMS-8MSOP
U9,MCP73831,SOT23-5,3.813,4.366,Bottom,270,MCP73831T-2ACI/OT
U10,M24C32-FDW6TP,TSSOP8_4P5X3P1X0,32.884,11.335,Bottom,90,M24C32-FDW6TP
